{
    "episode": 6,
    "mean_abs_error": {
        "Cart Position": 0.014449729584157467,
        "Cart Velocity": 0.15269500017166138,
        "Pole Angle": 0.011379336938261986,
        "Angular Velocity": 0.15673242509365082
    },
    "mean_rmse": {
        "Cart Position": 0.0179129745811224,
        "Cart Velocity": 0.1882176548242569,
        "Pole Angle": 0.014977089129388332,
        "Angular Velocity": 0.19828814268112183
    },
    "tracking_error": {
        "Cart Position": 0.5017741918563843,
        "Cart Velocity": 0.13207361102104187,
        "Pole Angle": 0.005977311637252569,
        "Angular Velocity": 0.16751554608345032
    },
    "control_effort": 504.0,
    "action_switches": 329
}