{
    "episode": 3,
    "steps_taken": 500,
    "mean_abs_error": {
        "Cart Position": 0.008848581463098526,
        "Cart Velocity": 0.12849155068397522,
        "Pole Angle": 0.014344093389809132,
        "Angular Velocity": 0.18275515735149384
    },
    "mean_rmse": {
        "Cart Position": 0.008848581463098526,
        "Cart Velocity": 0.12849155068397522,
        "Pole Angle": 0.014344093389809132,
        "Angular Velocity": 0.18275515735149384
    },
    "tracking_rmse": {
        "Cart Position": 0.4538547396659851,
        "Cart Velocity": 0.18376658856868744,
        "Pole Angle": 0.01365515124052763,
        "Angular Velocity": 0.20527836680412292
    },
    "control_effort": 504.0,
    "action_switches": 343
}