{
    "episode": 1,
    "steps_taken": 500,
    "mean_abs_error": {
        "Cart Position": 0.008367768329572573,
        "Cart Velocity": 0.9470193726069158,
        "Pole Angle": 0.013583115065596507,
        "Angular Velocity": 1.2154595403958812
    },
    "mean_rmse": {
        "Cart Position": 0.008367768329572573,
        "Cart Velocity": 0.9470193726069158,
        "Pole Angle": 0.013583115065596507,
        "Angular Velocity": 1.2154595403958812
    },
    "control_effort": 504.0,
    "action_switches": 221
}