{
    "episode": 5,
    "steps_taken": 500,
    "mean_abs_error": {
        "Cart Position": 0.008359501138329506,
        "Cart Velocity": 0.11724462360143661,
        "Pole Angle": 0.015402164310216904,
        "Angular Velocity": 0.1604040116071701
    },
    "mean_rmse": {
        "Cart Position": 0.008359501138329506,
        "Cart Velocity": 0.11724462360143661,
        "Pole Angle": 0.015402164310216904,
        "Angular Velocity": 0.1604040116071701
    },
    "tracking_rmse": {
        "Cart Position": 0.21292495727539062,
        "Cart Velocity": 0.1453501284122467,
        "Pole Angle": 0.004204222932457924,
        "Angular Velocity": 0.200596883893013
    },
    "control_effort": 504.0,
    "action_switches": 345
}