{
    "episode": 10,
    "steps_taken": 500,
    "mean_abs_error": {
        "Cart Position": 0.008288803381643877,
        "Cart Velocity": 0.953922099782975,
        "Pole Angle": 0.014829621966650703,
        "Angular Velocity": 1.2761048087678801
    },
    "mean_rmse": {
        "Cart Position": 0.008288803381643877,
        "Cart Velocity": 0.953922099782975,
        "Pole Angle": 0.014829621966650703,
        "Angular Velocity": 1.2761048087678801
    },
    "control_effort": 504.0,
    "action_switches": 197
}