{
    "episode": 4,
    "steps_taken": 500,
    "mean_abs_error": {
        "Cart Position": 0.00844269953131638,
        "Cart Velocity": 0.9755272713881366,
        "Pole Angle": 0.015550585333949712,
        "Angular Velocity": 1.2882562504192177
    },
    "mean_rmse": {
        "Cart Position": 0.00844269953131638,
        "Cart Velocity": 0.9755272713881366,
        "Pole Angle": 0.015550585333949712,
        "Angular Velocity": 1.2882562504192177
    },
    "control_effort": 504.0,
    "action_switches": 181
}