{
    "episodes": 10,
    "mean_timesteps": 500.0,
    "mean_tracking_rmse": {
        "Cart Position": 0.030184899060271757,
        "Cart Velocity": 0.20498862812093208,
        "Pole Angle": 0.008883902236049358,
        "Angular Velocity": 0.30386404735958983
    },
    "mean_control_effort": 500.0,
    "mean_action_switches": 200.2,
    "normalized_tracking_mae_percent": {
        "Cart Position": 0.5321106349548548,
        "Cart Velocity": 3.994507107045138,
        "Pole Angle": 1.604319228412368,
        "Angular Velocity": 3.9641675451947758
    }
}