{
    "episode": 4,
    "mean_abs_error": {
        "Cart Position": 0.010102909058332443,
        "Cart Velocity": 0.1300002634525299,
        "Pole Angle": 0.013842417858541012,
        "Angular Velocity": 0.15707732737064362
    },
    "mean_rmse": {
        "Cart Position": 0.012745382264256477,
        "Cart Velocity": 0.1677490770816803,
        "Pole Angle": 0.01739182509481907,
        "Angular Velocity": 0.2051159292459488
    },
    "tracking_error": {
        "Cart Position": 0.3410419821739197,
        "Cart Velocity": 0.10754161328077316,
        "Pole Angle": 0.0032736712601035833,
        "Angular Velocity": 0.16419818997383118
    },
    "control_effort": 504.0,
    "action_switches": 363
}