{
    "episode": 8,
    "steps_taken": 500,
    "mean_abs_error": {
        "Cart Position": 0.008415626071749047,
        "Cart Velocity": 0.9244767086202671,
        "Pole Angle": 0.015650875533837795,
        "Angular Velocity": 1.2772471328878365
    },
    "mean_rmse": {
        "Cart Position": 0.008415626071749047,
        "Cart Velocity": 0.9244767086202671,
        "Pole Angle": 0.015650875533837795,
        "Angular Velocity": 1.2772471328878365
    },
    "control_effort": 504.0,
    "action_switches": 227
}