{
    "episode": 10,
    "steps_taken": 500,
    "mean_abs_error": {
        "Cart Position": 0.010072246193885803,
        "Cart Velocity": 0.1311749368906021,
        "Pole Angle": 0.013067996129393578,
        "Angular Velocity": 0.19161023199558258
    },
    "mean_rmse": {
        "Cart Position": 0.010072246193885803,
        "Cart Velocity": 0.1311749368906021,
        "Pole Angle": 0.013067996129393578,
        "Angular Velocity": 0.19161023199558258
    },
    "tracking_rmse": {
        "Cart Position": 0.46545740962028503,
        "Cart Velocity": 0.1763734221458435,
        "Pole Angle": 0.008989964611828327,
        "Angular Velocity": 0.21254520118236542
    },
    "control_effort": 504.0,
    "action_switches": 316
}