{
    "episode": 1,
    "steps_taken": 500,
    "mean_abs_error": {
        "Cart Position": 0.009781213477253914,
        "Cart Velocity": 0.13564471900463104,
        "Pole Angle": 0.01318428386002779,
        "Angular Velocity": 0.18534411489963531
    },
    "mean_rmse": {
        "Cart Position": 0.009781213477253914,
        "Cart Velocity": 0.13564471900463104,
        "Pole Angle": 0.01318428386002779,
        "Angular Velocity": 0.18534411489963531
    },
    "tracking_rmse": {
        "Cart Position": 0.413659930229187,
        "Cart Velocity": 0.14913742244243622,
        "Pole Angle": 0.004261287860572338,
        "Angular Velocity": 0.20020991563796997
    },
    "control_effort": 504.0,
    "action_switches": 336
}