{
    "episode": 5,
    "steps_taken": 500,
    "mean_abs_error": {
        "Cart Position": 0.00846248571392583,
        "Cart Velocity": 0.9409837522276578,
        "Pole Angle": 0.014640525873894148,
        "Angular Velocity": 1.165333193467125
    },
    "mean_rmse": {
        "Cart Position": 0.00846248571392583,
        "Cart Velocity": 0.9409837522276578,
        "Pole Angle": 0.014640525873894148,
        "Angular Velocity": 1.165333193467125
    },
    "control_effort": 504.0,
    "action_switches": 182
}