{
    "episode": 9,
    "steps_taken": 500,
    "mean_abs_error": {
        "Cart Position": 0.006134976167231798,
        "Cart Velocity": 0.09393627941608429,
        "Pole Angle": 0.019664740189909935,
        "Angular Velocity": 0.15934482216835022
    },
    "mean_rmse": {
        "Cart Position": 0.006134976167231798,
        "Cart Velocity": 0.09393627941608429,
        "Pole Angle": 0.019664740189909935,
        "Angular Velocity": 0.15934482216835022
    },
    "tracking_rmse": {
        "Cart Position": 0.028915463015437126,
        "Cart Velocity": 0.13440634310245514,
        "Pole Angle": 0.004792898427695036,
        "Angular Velocity": 0.19896920025348663
    },
    "control_effort": 504.0,
    "action_switches": 341
}