{
    "episode": 2,
    "steps_taken": 500,
    "mean_abs_error": {
        "Cart Position": 0.006459204014390707,
        "Cart Velocity": 0.11166264861822128,
        "Pole Angle": 0.01600409671664238,
        "Angular Velocity": 0.1767243891954422
    },
    "mean_rmse": {
        "Cart Position": 0.006459204014390707,
        "Cart Velocity": 0.11166264861822128,
        "Pole Angle": 0.01600409671664238,
        "Angular Velocity": 0.1767243891954422
    },
    "tracking_rmse": {
        "Cart Position": 0.032384492456912994,
        "Cart Velocity": 0.1325395256280899,
        "Pole Angle": 0.004395123105496168,
        "Angular Velocity": 0.19518287479877472
    },
    "control_effort": 504.0,
    "action_switches": 370
}