{
    "episode": 2,
    "mean_abs_error": {
        "Cart Position": 0.00649522989988327,
        "Cart Velocity": 0.10580842196941376,
        "Pole Angle": 0.010991678573191166,
        "Angular Velocity": 0.16432785987854004
    },
    "mean_rmse": {
        "Cart Position": 0.008422446437180042,
        "Cart Velocity": 0.13427181541919708,
        "Pole Angle": 0.014023179188370705,
        "Angular Velocity": 0.20100601017475128
    },
    "tracking_error": {
        "Cart Position": 0.018920114263892174,
        "Cart Velocity": 0.11010053008794785,
        "Pole Angle": 0.0033329431898891926,
        "Angular Velocity": 0.1616155058145523
    },
    "control_effort": 504.0,
    "action_switches": 343
}