{
    "episode": 7,
    "steps_taken": 500,
    "mean_abs_error": {
        "Cart Position": 0.00847137784848626,
        "Cart Velocity": 0.9375960418088353,
        "Pole Angle": 0.015306283889480408,
        "Angular Velocity": 1.2656393003095152
    },
    "mean_rmse": {
        "Cart Position": 0.00847137784848626,
        "Cart Velocity": 0.9375960418088353,
        "Pole Angle": 0.015306283889480408,
        "Angular Velocity": 1.2656393003095152
    },
    "control_effort": 504.0,
    "action_switches": 217
}