{
    "episodes": 10,
    "avg_mean_abs_error": {
        "Cart Position": 0.009197520883753895,
        "Cart Velocity": 0.12102527990937233,
        "Pole Angle": 0.012997392192482948,
        "Angular Velocity": 0.15735469609498978
    },
    "avg_mean_rmse": {
        "Cart Position": 0.011809789389371873,
        "Cart Velocity": 0.15455175042152405,
        "Pole Angle": 0.016283240634948015,
        "Angular Velocity": 0.19736487865448
    },
    "avg_tracking_mae": {
        "Cart Position": 0.2577523201704025,
        "Cart Velocity": 0.12169553861021995,
        "Pole Angle": 0.005005996348336339,
        "Angular Velocity": 0.16253141760826112
    },
    "avg_control_effort": 504.0,
    "avg_action_switches": 351.9,
    "avg_percent_rmse": {
        "Cart Position": 0.24603727894524735,
        "Cart Velocity": 3.863793760538101,
        "Pole Angle": 3.8955121136239272,
        "Angular Velocity": 3.289414644241333
    },
    "avg_percent_tracking_mae": {
        "Cart Position": 5.369840810696284,
        "Cart Velocity": 3.0423885211348534,
        "Pole Angle": 1.197606859880201,
        "Angular Velocity": 2.708856761455536
    }
}