{
    "episodes": 10,
    "avg_steps_taken": 500.0,
    "avg_mean_abs_error": {
        "Cart Position": 0.00841592564443781,
        "Cart Velocity": 0.9378704677192132,
        "Pole Angle": 0.014935783530017777,
        "Angular Velocity": 1.2510220910824974
    },
    "avg_mean_rmse": {
        "Cart Position": 0.00841592564443781,
        "Cart Velocity": 0.9378704677192132,
        "Pole Angle": 0.014935783530017777,
        "Angular Velocity": 1.2510220910824974
    },
    "avg_control_effort": 504.0,
    "avg_action_switches": 199.3
}