{
    "episode": 6,
    "steps_taken": 500,
    "mean_abs_error": {
        "Cart Position": 0.00988585315644741,
        "Cart Velocity": 0.12560969591140747,
        "Pole Angle": 0.01276909839361906,
        "Angular Velocity": 0.17260698974132538
    },
    "mean_rmse": {
        "Cart Position": 0.00988585315644741,
        "Cart Velocity": 0.12560969591140747,
        "Pole Angle": 0.01276909839361906,
        "Angular Velocity": 0.17260698974132538
    },
    "tracking_rmse": {
        "Cart Position": 0.5276714563369751,
        "Cart Velocity": 0.16758327186107635,
        "Pole Angle": 0.007938162423670292,
        "Angular Velocity": 0.20290891826152802
    },
    "control_effort": 504.0,
    "action_switches": 315
}