{
    "episodes": 10,
    "mean_timesteps": 500.0,
    "mean_tracking_rmse": {
        "Cart Position": 0.03297613924657676,
        "Cart Velocity": 0.20882194683970676,
        "Pole Angle": 0.009556854825527296,
        "Angular Velocity": 0.30882269641625054
    },
    "mean_control_effort": 500.0,
    "mean_action_switches": 197.9
}